{
  "NDCG@5": 0.008,
  "Recall@5": 0.008,
  "HR@5": 0.008,
  "ILS@5": 0.0,
  "Tail_Recall@5": 0.0,
  "Novelty@5": 0.6393297714923345,
  "NDCG@10": 0.008,
  "Recall@10": 0.008,
  "HR@10": 0.008,
  "ILS@10": 0.0,
  "Tail_Recall@10": 0.0,
  "Novelty@10": 0.6393297714923345,
  "NDCG@20": 0.008,
  "Recall@20": 0.008,
  "HR@20": 0.008,
  "ILS@20": 0.0,
  "Tail_Recall@20": 0.0,
  "Novelty@20": 0.6393297714923345,
  "Coverage@10": 0.0019729054320662895,
  "OOD@10": 0.001
}